convective_date,convective_day_index,wban_id,good_row_count
2019-03-29,17984,63870,720
2019-03-31,17986,63870,713
2019-03-29,17984,54779,720
2019-03-30,17985,54779,703
2019-03-31,17986,54779,653
2019-03-29,17984,63871,715
2019-03-30,17985,63871,720
2019-03-31,17986,63871,664
2019-03-29,17984,03032,720
2019-03-30,17985,03032,720
2019-03-31,17986,03032,728
2019-03-29,17984,53843,720
2019-03-30,17985,53843,720
2019-03-31,17986,53843,632
2019-03-29,17984,94993,720
2019-03-30,17985,94993,720
2019-03-31,17986,94993,737
2019-03-29,17984,12832,720
2019-03-30,17985,12832,720
2019-03-31,17986,12832,669
2019-03-29,17984,03974,720
2019-03-30,17985,03974,720
2019-03-31,17986,03974,700
2019-03-29,17984,94299,720
2019-03-30,17985,94299,711
2019-03-31,17986,94299,861
2019-03-29,17984,14737,720
2019-03-30,17985,14737,720
2019-03-31,17986,14737,688
2019-03-29,17984,03068,720
2019-03-30,17985,03068,720
2019-03-31,17986,03068,737
2019-03-29,17984,13962,720
2019-03-30,17985,13962,720
2019-03-31,17986,13962,729
2019-03-29,17984,23050,720
2019-03-30,17985,23050,710
2019-03-31,17986,23050,801
2019-03-29,17984,14929,720
2019-03-30,17985,14929,720
2019-03-31,17986,14929,759
2019-03-29,17984,13869,716
2019-03-30,17985,13869,720
2019-03-31,17986,13869,701
2019-03-29,17984,14756,720
2019-03-30,17985,14756,681
2019-03-31,17986,14756,446
2019-03-29,17984,13959,720
2019-03-30,17985,13959,720
2019-03-31,17986,13959,758
2019-03-29,17984,24283,720
2019-03-30,17985,24283,720
2019-03-31,17986,24283,895
2019-03-29,17984,93730,720
2019-03-30,17985,93730,720
2019-03-31,17986,93730,718
2019-03-29,17984,04847,720
2019-03-30,17985,04847,720
2019-03-31,17986,04847,727
2019-03-29,17984,93915,720
2019-03-30,17985,93915,720
2019-03-31,17986,93915,793
2019-03-29,17984,54770,716
2019-03-30,17985,54770,720
2019-03-31,17986,54770,726
2019-03-30,17985,53909,720
2019-03-31,17986,53909,689
2019-03-29,17984,14762,714
2019-03-30,17985,14762,712
2019-03-31,17986,14762,630
2019-03-29,17984,03820,720
2019-03-30,17985,03820,720
2019-03-31,17986,03820,645
2019-03-29,17984,13873,720
2019-03-30,17985,13873,720
2019-03-31,17986,13873,648
2019-03-29,17984,24044,720
2019-03-30,17985,24044,720
2019-03-31,17986,24044,766
2019-03-29,17984,53870,720
2019-03-30,17985,53870,720
2019-03-31,17986,53870,640
2019-03-29,17984,24015,720
2019-03-30,17985,24015,720
2019-03-31,17986,24015,753
2019-03-29,17984,93773,720
2019-03-30,17985,93773,720
2019-03-31,17986,93773,653
2019-03-29,17984,14813,720
2019-03-30,17985,14813,720
2019-03-31,17986,14813,669
2019-03-29,17984,14735,720
2019-03-30,17985,14735,720
2019-03-31,17986,14735,672
2019-03-29,17984,12932,720
2019-03-30,17985,12932,720
2019-03-31,17986,12932,735
2019-03-29,17984,53146,720
2019-03-30,17985,53146,715
2019-03-31,17986,53146,753
2019-03-29,17984,94910,720
2019-03-30,17985,94910,720
2019-03-31,17986,94910,684
2019-03-29,17984,23061,716
2019-03-30,17985,23061,690
2019-03-31,17986,23061,793
2019-03-29,17984,24160,720
2019-03-30,17985,24160,706
2019-03-31,17986,24160,861
2019-03-29,17984,23047,720
2019-03-30,17985,23047,720
2019-03-31,17986,23047,728
2019-03-29,17984,13870,719
2019-03-30,17985,13870,720
2019-03-31,17986,13870,632
2019-03-29,17984,94989,720
2019-03-30,17985,94989,720
2019-03-31,17986,94989,710
2019-03-29,17984,13871,720
2019-03-30,17985,13871,714
2019-03-31,17986,13871,743
2019-03-29,17984,93846,720
2019-03-30,17985,93846,720
2019-03-31,17986,93846,693
2019-03-29,17984,14847,720
2019-03-30,17985,14847,720
2019-03-31,17986,14847,697
2019-03-29,17984,04850,720
2019-03-30,17985,04850,720
2019-03-31,17986,04850,699
2019-03-29,17984,14736,720
2019-03-30,17985,14736,720
2019-03-31,17986,14736,701
2019-03-29,17984,93067,720
2019-03-30,17985,93067,710
2019-03-31,17986,93067,802
2019-03-29,17984,93227,720
2019-03-30,17985,93227,720
2019-03-31,17986,93227,885
2019-03-30,17985,12897,720
2019-03-31,17986,12897,707
2019-03-29,17984,94849,720
2019-03-30,17985,94849,720
2019-03-31,17986,94849,709
2019-03-29,17984,03949,707
2019-03-31,17986,03949,109
2019-03-29,17984,54768,720
2019-03-30,17985,54768,667
2019-03-31,17986,54768,712
2019-03-29,17984,53915,720
2019-03-30,17985,53915,694
2019-03-31,17986,53915,24
2019-03-29,17984,94889,720
2019-03-30,17985,94889,720
2019-03-31,17986,94889,715
2019-03-29,17984,04808,720
2019-03-30,17985,04808,720
2019-03-31,17986,04808,777
2019-03-29,17984,94790,720
2019-03-30,17985,94790,720
2019-03-31,17986,94790,719
2019-03-29,17984,53865,720
2019-03-30,17985,53865,717
2019-03-31,17986,53865,762
2019-03-29,17984,93073,709
2019-03-30,17985,93073,704
2019-03-31,17986,93073,843
2019-03-29,17984,94224,720
2019-03-30,17985,94224,720
2019-03-31,17986,94224,905
2019-03-29,17984,94929,715
2019-03-30,17985,94929,720
2019-03-31,17986,94929,774
2019-03-29,17984,13874,720
2019-03-30,17985,13874,716
2019-03-31,17986,13874,730
2019-03-29,17984,13958,713
2019-03-30,17985,13958,716
2019-03-31,17986,13958,776
2019-03-29,17984,14946,704
2019-03-30,17985,14946,720
2019-03-31,17986,14946,796
2019-03-29,17984,14605,715
2019-03-30,17985,14605,720
2019-03-31,17986,14605,739
2019-03-29,17984,13904,720
2019-03-30,17985,13904,720
2019-03-31,17986,13904,683
2019-03-29,17984,14897,720
2019-03-30,17985,14897,720
2019-03-31,17986,14897,680
2019-03-29,17984,03812,719
2019-03-30,17985,03812,720
2019-03-31,17986,03812,537
2019-03-29,17984,14777,720
2019-03-30,17985,14777,701
2019-03-31,17986,14777,630
2019-03-29,17984,23191,720
2019-03-30,17985,23191,720
2019-03-31,17986,23191,730
2019-03-29,17984,53959,720
2019-03-30,17985,53959,720
2019-03-31,17986,53959,692
2019-03-29,17984,14910,720
2019-03-30,17985,14910,720
2019-03-31,17986,14910,697
2019-03-29,17984,94815,720
2019-03-30,17985,94815,720
2019-03-31,17986,94815,563
2019-03-29,17984,14775,720
2019-03-30,17985,14775,720
2019-03-31,17986,14775,572
2019-03-29,17984,12971,720
2019-03-30,17985,12971,720
2019-03-31,17986,12971,696
2019-03-29,17984,94946,720
2019-03-30,17985,94946,720
2019-03-31,17986,94946,384
2019-03-29,17984,23159,720
2019-03-30,17985,23159,720
2019-03-31,17986,23159,768
2019-03-29,17984,94961,720
2019-03-30,17985,94961,720
2019-03-31,17986,94961,716
2019-03-29,17984,14740,720
2019-03-30,17985,14740,720
2019-03-31,17986,14740,663
2019-03-29,17984,94702,720
2019-03-30,17985,94702,720
2019-03-31,17986,94702,661
2019-03-29,17984,14702,720
2019-03-30,17985,14702,720
2019-03-31,17986,14702,667
2019-03-29,17984,94871,706
2019-03-30,17985,94871,646
2019-03-31,17986,94871,656
2019-03-29,17984,04751,720
2019-03-30,17985,04751,720
2019-03-31,17986,04751,671
2019-03-29,17984,24028,720
2019-03-30,17985,24028,720
2019-03-31,17986,24028,721
2019-03-29,17984,23155,720
2019-03-30,17985,23155,697
2019-03-31,17986,23155,757
2019-03-29,17984,13838,720
2019-03-30,17985,13838,720
2019-03-31,17986,13838,746
2019-03-29,17984,03024,716
2019-03-30,17985,03024,720
2019-03-31,17986,03024,643
2019-03-30,17985,04725,720
2019-03-29,17984,14606,720
2019-03-30,17985,14606,720
2019-03-31,17986,14606,697
2019-03-29,17984,94055,720
2019-03-30,17985,94055,707
2019-03-31,17986,94055,820
2019-03-29,17984,13876,720
2019-03-30,17985,13876,720
2019-03-31,17986,13876,762
2019-03-29,17984,23157,716
2019-03-30,17985,23157,698
2019-03-31,17986,23157,874
2019-03-29,17984,24011,720
2019-03-30,17985,24011,700
2019-03-31,17986,24011,732
2019-03-29,17984,04839,718
2019-03-30,17985,04839,720
2019-03-31,17986,04839,709
2019-03-29,17984,04842,720
2019-03-30,17985,04842,720
2019-03-31,17986,04842,711
2019-03-29,17984,53988,716
2019-03-30,17985,53988,657
2019-03-31,17986,53988,7
2019-03-29,17984,24130,720
2019-03-30,17985,24130,716
2019-03-31,17986,24130,711
2019-03-30,17985,04853,720
2019-03-31,17986,04853,719
2019-03-29,17984,12818,720
2019-03-30,17985,12818,720
2019-03-31,17986,12818,721
2019-03-29,17984,03872,720
2019-03-30,17985,03872,720
2019-03-31,17986,03872,724
2019-03-29,17984,03859,720
2019-03-30,17985,03859,720
2019-03-31,17986,03859,711
2019-03-29,17984,23158,720
2019-03-30,17985,23158,715
2019-03-31,17986,23158,914
2019-03-31,17986,23225,118
2019-03-29,17984,03893,720
2019-03-30,17985,03893,720
2019-03-31,17986,03893,624
2019-03-29,17984,94700,720
2019-03-30,17985,94700,720
2019-03-31,17986,94700,126
2019-03-29,17984,03999,720
2019-03-30,17985,03999,720
2019-03-31,17986,03999,686
2019-03-29,17984,13897,720
2019-03-30,17985,13897,715
2019-03-31,17986,13897,694
2019-03-29,17984,94185,720
2019-03-30,17985,94185,709
2019-03-31,17986,94185,791
2019-03-29,17984,24131,720
2019-03-30,17985,24131,694
2019-03-31,17986,24131,741
2019-03-29,17984,14739,720
2019-03-30,17985,14739,720
2019-03-31,17986,14739,640
2019-03-29,17984,24164,720
2019-03-30,17985,24164,716
2019-03-31,17986,24164,762
2019-03-30,17985,53918,719
2019-03-31,17986,53918,696
2019-03-29,17984,12917,720
2019-03-30,17985,12917,720
2019-03-31,17986,12917,707
2019-03-29,17984,94938,720
2019-03-30,17985,94938,720
2019-03-31,17986,94938,709
2019-03-29,17984,14931,720
2019-03-30,17985,14931,720
2019-03-31,17986,14931,693
2019-03-29,17984,12919,720
2019-03-30,17985,12919,720
2019-03-31,17986,12919,712
2019-03-29,17984,14815,720
2019-03-30,17985,14815,720
2019-03-31,17986,14815,654
2019-03-29,17984,24135,720
2019-03-30,17985,24135,720
2019-03-31,17986,24135,790
2019-03-29,17984,13970,720
2019-03-30,17985,13970,720
2019-03-31,17986,13970,736
2019-03-29,17984,14742,720
2019-03-30,17985,14742,720
2019-03-31,17986,14742,679
2019-03-29,17984,14733,720
2019-03-30,17985,14733,720
2019-03-31,17986,14733,681
2019-03-29,17984,23152,715
2019-03-30,17985,23152,705
2019-03-31,17986,23152,760
2019-03-29,17984,93783,720
2019-03-30,17985,93783,720
2019-03-31,17986,93783,684
2019-03-29,17984,12884,720
2019-03-30,17985,12884,720
2019-03-31,17986,12884,746
2019-03-29,17984,03959,720
2019-03-30,17985,03959,720
2019-03-31,17986,03959,748
2019-03-29,17984,54733,720
2019-03-30,17985,54733,720
2019-03-31,17986,54733,697
2019-03-29,17984,93808,720
2019-03-30,17985,93808,720
2019-03-31,17986,93808,750
2019-03-29,17984,93721,720
2019-03-30,17985,93721,720
2019-03-31,17986,93721,704
2019-03-29,17984,94054,720
2019-03-30,17985,94054,720
2019-03-31,17986,94054,698
2019-03-29,17984,24133,720
2019-03-30,17985,24133,707
2019-03-31,17986,24133,807
2019-03-30,17985,24132,720
2019-03-31,17986,24132,831
2019-03-29,17984,13883,720
2019-03-30,17985,13883,720
2019-03-31,17986,13883,713
2019-03-29,17984,24046,720
2019-03-30,17985,24046,715
2019-03-31,17986,24046,821
2019-03-29,17984,14895,720
2019-03-30,17985,14895,720
2019-03-31,17986,14895,717
2019-03-29,17984,23051,720
2019-03-30,17985,23051,720
2019-03-31,17986,23051,830
2019-03-29,17984,14607,720
2019-03-30,17985,14607,720
2019-03-31,17986,14607,726
2019-03-29,17984,23254,720
2019-03-30,17985,23254,720
2019-03-31,17986,23254,845
2019-03-29,17984,93129,717
2019-03-30,17985,93129,701
2019-03-31,17986,93129,840
2019-03-29,17984,53916,720
2019-03-30,17985,53916,720
2019-03-29,17984,24017,720
2019-03-30,17985,24017,716
2019-03-31,17986,24017,859
2019-03-29,17984,23007,716
2019-03-30,17985,23007,720
2019-03-31,17986,23007,694
2019-03-29,17984,54743,720
2019-03-30,17985,54743,720
2019-03-31,17986,54743,571
2019-03-29,17984,24286,720
2019-03-30,17985,24286,720
2019-03-31,17986,24286,831
2019-03-29,17984,53850,720
2019-03-30,17985,53850,711
2019-03-31,17986,53850,574
2019-03-29,17984,13884,687
2019-03-30,17985,13884,662
2019-03-31,17986,13884,716
2019-03-29,17984,93069,720
2019-03-30,17985,93069,716
2019-03-31,17986,93069,775
2019-03-29,17984,93967,720
2019-03-30,17985,93967,720
2019-03-31,17986,93967,684
2019-03-29,17984,03935,720
2019-03-30,17985,03935,720
2019-03-31,17986,03935,725
2019-03-29,17984,13882,720
2019-03-30,17985,13882,720
2019-03-31,17986,13882,666
2019-03-29,17984,93736,720
2019-03-30,17985,93736,720
2019-03-31,17986,93736,589
2019-03-29,17984,13880,720
2019-03-30,17985,13880,720
2019-03-31,17986,13880,671
2019-03-29,17984,14990,720
2019-03-30,17985,14990,720
2019-03-31,17986,14990,712
2019-03-29,17984,03802,720
2019-03-31,17986,03802,675
2019-03-29,17984,03894,720
2019-03-30,17985,03894,771
2019-03-31,17986,03894,658
2019-03-29,17984,14820,720
2019-03-30,17985,14820,720
2019-03-31,17986,14820,680
2019-03-29,17984,03904,720
2019-03-30,17985,03904,771
2019-03-31,17986,03904,667
2019-03-29,17984,94266,720
2019-03-30,17985,94266,720
2019-03-31,17986,94266,864
2019-03-29,17984,13881,720
2019-03-30,17985,13881,720
2019-03-31,17986,13881,686
2019-03-29,17984,23136,720
2019-03-30,17985,23136,720
2019-03-31,17986,23136,867
2019-03-29,17984,14821,720
2019-03-30,17985,14821,719
2019-03-31,17986,14821,689
2019-03-29,17984,94870,720
2019-03-30,17985,94870,720
2019-03-31,17986,94870,751
2019-03-29,17984,14858,720
2019-03-30,17985,14858,720
2019-03-31,17986,14858,693
2019-03-29,17984,13984,707
2019-03-30,17985,13984,720
2019-03-31,17986,13984,732
2019-03-29,17984,93033,715
2019-03-30,17985,93033,720
2019-03-31,17986,93033,818
2019-03-29,17984,03179,718
2019-03-30,17985,03179,716
2019-03-31,17986,03179,794
2019-03-29,17984,13981,720
2019-03-30,17985,13981,720
2019-03-31,17986,13981,737
2019-03-29,17984,93075,720
2019-03-30,17985,93075,707
2019-03-31,17986,93075,755
2019-03-29,17984,14745,720
2019-03-30,17985,14745,720
2019-03-31,17986,14745,707
2019-03-29,17984,93037,720
2019-03-30,17985,93037,693
2019-03-31,17986,93037,804
2019-03-29,17984,12947,720
2019-03-30,17985,12947,720
2019-03-31,17986,12947,675
2019-03-29,17984,03945,720
2019-03-30,17985,03945,720
2019-03-31,17986,03945,728
2019-03-29,17984,24089,720
2019-03-30,17985,24089,720
2019-03-31,17986,24089,825
2019-03-29,17984,03960,716
2019-03-30,17985,03960,719
2019-03-31,17986,03960,749
2019-03-29,17984,03027,720
2019-03-30,17985,03027,720
2019-03-31,17986,03027,842
2019-03-29,17984,93134,720
2019-03-30,17985,93134,691
2019-03-31,17986,93134,895
2019-03-29,17984,94624,720
2019-03-30,17985,94624,711
2019-03-31,17986,94624,724
2019-03-29,17984,93718,720
2019-03-30,17985,93718,720
2019-03-31,17986,93718,642
2019-03-29,17984,53860,720
2019-03-30,17985,53860,720
2019-03-31,17986,53860,735
2019-03-29,17984,12924,720
2019-03-30,17985,12924,720
2019-03-31,17986,12924,797
2019-03-29,17984,03177,720
2019-03-30,17985,03177,720
2019-03-31,17986,03177,825
2019-03-29,17984,53912,720
2019-03-30,17985,53912,720
2019-03-31,17986,53912,703
2019-03-29,17984,13866,720
2019-03-30,17985,13866,720
2019-03-31,17986,13866,649
2019-03-29,17984,93842,720
2019-03-30,17985,93842,720
2019-03-31,17986,93842,650
2019-03-29,17984,03932,720
2019-03-30,17985,03932,720
2019-03-31,17986,03932,693
2019-03-29,17984,03847,720
2019-03-30,17985,03847,716
2019-03-31,17986,03847,713
2019-03-29,17984,24137,720
2019-03-30,17985,24137,710
2019-03-31,17986,24137,776
2019-03-29,17984,53867,720
2019-03-30,17985,53867,720
2019-03-31,17986,53867,661
2019-03-29,17984,94032,715
2019-03-30,17985,94032,720
2019-03-31,17986,94032,753
2019-03-29,17984,93814,720
2019-03-30,17985,93814,720
2019-03-31,17986,93814,627
2019-03-29,17984,53902,720
2019-03-30,17985,53902,720
2019-03-31,17986,53902,727
2019-03-29,17984,14751,720
2019-03-30,17985,14751,720
2019-03-31,17986,14751,670
2019-03-29,17984,24018,720
2019-03-30,17985,24018,720
2019-03-31,17986,24018,776
2019-03-29,17984,03164,720
2019-03-30,17985,03164,720
2019-03-31,17986,03164,855
2019-03-29,17984,94056,720
2019-03-30,17985,94056,715
2019-03-31,17986,94056,797
2019-03-29,17984,12834,720
2019-03-30,17985,12834,720
2019-03-31,17986,12834,679
2019-03-29,17984,23161,708
2019-03-30,17985,23161,694
2019-03-31,17986,23161,844
2019-03-29,17984,13960,720
2019-03-30,17985,13960,720
2019-03-31,17986,13960,746
2019-03-29,17984,13728,720
2019-03-30,17985,13728,720
2019-03-31,17986,13728,694
2019-03-29,17984,54791,720
2019-03-30,17985,54791,720
2019-03-31,17986,54791,682
2019-03-29,17984,93815,720
2019-03-30,17985,93815,720
2019-03-31,17986,93815,698
2019-03-29,17984,94908,720
2019-03-30,17985,94908,720
2019-03-31,17986,94908,751
2019-03-29,17984,13743,720
2019-03-30,17985,13743,720
2019-03-31,17986,13743,638
2019-03-29,17984,53852,720
2019-03-30,17985,53852,720
2019-03-31,17986,53852,765
2019-03-29,17984,13985,720
2019-03-30,17985,13985,720
2019-03-31,17986,13985,743
2019-03-29,17984,54781,720
2019-03-30,17985,54781,720
2019-03-31,17986,54781,700
2019-03-29,17984,03887,720
2019-03-30,17985,03887,720
2019-03-31,17986,03887,771
2019-03-29,17984,03017,720
2019-03-30,17985,03017,720
2019-03-31,17986,03017,798
2019-03-29,17984,53925,720
2019-03-30,17985,53925,720
2019-03-31,17986,53925,755
2019-03-29,17984,14822,720
2019-03-30,17985,14822,720
2019-03-31,17986,14822,716
2019-03-29,17984,94119,651
2019-03-30,17985,94119,686
2019-03-31,17986,94119,790
2019-03-29,17984,04851,720
2019-03-30,17985,04851,720
2019-03-31,17986,04851,722
2019-03-29,17984,03927,720
2019-03-30,17985,03927,720
2019-03-31,17986,03927,784
2019-03-29,17984,94057,720
2019-03-30,17985,94057,720
2019-03-31,17986,94057,800
2019-03-29,17984,13839,720
2019-03-30,17985,13839,720
2019-03-31,17986,13839,790
2019-03-29,17984,93042,720
2019-03-30,17985,93042,720
2019-03-31,17986,93042,784
2019-03-29,17984,24012,720
2019-03-30,17985,24012,704
2019-03-31,17986,24012,856
2019-03-29,17984,14747,720
2019-03-30,17985,14747,720
2019-03-31,17986,14747,737
2019-03-29,17984,24138,713
2019-03-30,17985,24138,715
2019-03-31,17986,24138,780
2019-03-29,17984,24219,720
2019-03-30,17985,24219,716
2019-03-31,17986,24219,842
2019-03-29,17984,23078,720
2019-03-30,17985,23078,715
2019-03-31,17986,23078,782
2019-03-29,17984,03994,716
2019-03-30,17985,03994,720
2019-03-31,17986,03994,693
2019-03-29,17984,13837,720
2019-03-30,17985,13837,720
2019-03-31,17986,13837,671
2019-03-29,17984,94892,720
2019-03-30,17985,94892,720
2019-03-31,17986,94892,733
2019-03-29,17984,03160,716
2019-03-30,17985,03160,695
2019-03-31,17986,03160,848
2019-03-29,17984,93005,720
2019-03-30,17985,93005,687
2019-03-31,17986,93005,797
2019-03-29,17984,22010,720
2019-03-30,17985,22010,720
2019-03-31,17986,22010,726
2019-03-29,17984,14933,720
2019-03-30,17985,14933,720
2019-03-31,17986,14933,711
2019-03-29,17984,94704,720
2019-03-30,17985,94704,720
2019-03-31,17986,94704,671
2019-03-29,17984,53905,720
2019-03-30,17985,53905,720
2019-03-31,17986,53905,663
2019-03-29,17984,53853,720
2019-03-30,17985,53853,720
2019-03-31,17986,53853,748
2019-03-29,17984,94847,720
2019-03-30,17985,94847,720
2019-03-31,17986,94847,690
2019-03-29,17984,93026,720
2019-03-31,17986,93026,697
2019-03-29,17984,04787,720
2019-03-30,17985,04787,720
2019-03-31,17986,04787,674
2019-03-29,17984,94982,720
2019-03-30,17985,94982,720
2019-03-31,17986,94982,749
2019-03-29,17984,03184,716
2019-03-30,17985,03184,712
2019-03-31,17986,03184,721
2019-03-29,17984,53910,720
2019-03-30,17985,53910,720
2019-03-31,17986,53910,762
2019-03-29,17984,54734,720
2019-03-30,17985,54734,720
2019-03-31,17986,54734,704
2019-03-29,17984,54786,720
2019-03-30,17985,54786,720
2019-03-31,17986,54786,706
2019-03-29,17984,94239,720
2019-03-30,17985,94239,720
2019-03-31,17986,94239,888
2019-03-29,17984,14991,720
2019-03-30,17985,14991,720
2019-03-31,17986,14991,760
2019-03-29,17984,13786,720
2019-03-30,17985,13786,720
2019-03-31,17986,13786,714
2019-03-29,17984,73805,720
2019-03-30,17985,73805,707
2019-03-31,17986,73805,651
2019-03-29,17984,23179,720
2019-03-30,17985,23179,720
2019-03-31,17986,23179,898
2019-03-29,17984,94050,720
2019-03-30,17985,94050,705
2019-03-31,17986,94050,837
2019-03-29,17984,53864,720
2019-03-30,17985,53864,720
2019-03-31,17986,53864,782
2019-03-29,17984,24121,716
2019-03-30,17985,24121,698
2019-03-31,17986,24121,908
2019-03-29,17984,93992,720
2019-03-30,17985,93992,720
2019-03-31,17986,93992,785
2019-03-29,17984,14748,720
2019-03-30,17985,14748,720
2019-03-31,17986,14748,727
2019-03-29,17984,24220,720
2019-03-30,17985,24220,720
2019-03-31,17986,24220,904
2019-03-29,17984,23044,720
2019-03-30,17985,23044,720
2019-03-31,17986,23044,850
2019-03-29,17984,23154,720
2019-03-30,17985,23154,711
2019-03-31,17986,23154,824
2019-03-29,17984,54757,720
2019-03-30,17985,54757,720
2019-03-31,17986,54757,739
2019-03-29,17984,13989,720
2019-03-30,17985,13989,720
2019-03-31,17986,13989,686
2019-03-29,17984,04845,715
2019-03-30,17985,04845,720
2019-03-31,17986,04845,719
2019-03-29,17984,24141,713
2019-03-30,17985,24141,704
2019-03-31,17986,24141,831
2019-03-29,17984,53872,720
2019-03-30,17985,53872,720
2019-03-31,17986,53872,663
2019-03-29,17984,14860,718
2019-03-30,17985,14860,720
2019-03-31,17986,14860,665
2019-03-29,17984,13935,720
2019-03-30,17985,13935,716
2019-03-31,17986,13935,727
2019-03-29,17984,94971,720
2019-03-30,17985,94971,720
2019-03-31,17986,94971,725
2019-03-29,17984,24221,715
2019-03-30,17985,24221,720
2019-03-31,17986,24221,853
2019-03-29,17984,93817,720
2019-03-30,17985,93817,720
2019-03-31,17986,93817,730
2019-03-29,17984,04111,720
2019-03-30,17985,04111,720
2019-03-31,17986,04111,797
2019-03-29,17984,94726,720
2019-03-30,17985,94726,720
2019-03-31,17986,94726,679
2019-03-29,17984,93719,720
2019-03-30,17985,93719,720
2019-03-31,17986,93719,681
2019-03-29,17984,14734,782
2019-03-30,17985,14734,720
2019-03-31,17986,14734,683
2019-03-29,17984,53842,720
2019-03-30,17985,53842,720
2019-03-31,17986,53842,639
2019-03-29,17984,12836,720
2019-03-30,17985,12836,720
2019-03-31,17986,12836,686
2019-03-29,17984,14914,720
2019-03-30,17985,14914,720
2019-03-31,17986,14914,739
2019-03-29,17984,93193,716
2019-03-30,17985,93193,712
2019-03-31,17986,93193,862
2019-03-29,17984,93740,720
2019-03-30,17985,93740,720
2019-03-31,17986,93740,692
2019-03-29,17984,94963,711
2019-03-30,17985,94963,720
2019-03-31,17986,94963,726
2019-03-31,17986,03981,693
2019-03-29,17984,14825,720
2019-03-30,17985,14825,720
2019-03-31,17986,14825,698
2019-03-29,17984,53819,720
2019-03-30,17985,53819,701
2019-03-31,17986,53819,701
2019-03-29,17984,53841,720
2019-03-30,17985,53841,720
2019-03-31,17986,53841,703
2019-03-29,17984,03185,720
2019-03-30,17985,03185,703
2019-03-31,17986,03185,787
2019-03-29,17984,94276,720
2019-03-30,17985,94276,720
2019-03-31,17986,94276,885
2019-03-29,17984,54792,720
2019-03-30,17985,54792,719
2019-03-31,17986,54792,47
2019-03-29,17984,04780,720
2019-03-30,17985,04780,720
2019-03-31,17986,04780,711
2019-03-29,17984,04840,720
2019-03-30,17985,04840,720
2019-03-31,17986,04840,769
2019-03-29,17984,03103,720
2019-03-30,17985,03103,698
2019-03-31,17986,03103,808
2019-03-29,17984,12849,720
2019-03-30,17985,12849,720
2019-03-31,17986,12849,653
2019-03-29,17984,13744,720
2019-03-30,17985,13744,720
2019-03-31,17986,13744,723
2019-03-29,17984,23090,720
2019-03-30,17985,23090,692
2019-03-31,17986,23090,835
2019-03-29,17984,12835,720
2019-03-30,17985,12835,720
2019-03-31,17986,12835,722
2019-03-29,17984,94957,712
2019-03-30,17985,94957,720
2019-03-31,17986,94957,768
2019-03-29,17984,14826,720
2019-03-30,17985,14826,720
2019-03-31,17986,14826,731
2019-03-29,17984,13920,720
2019-03-30,17985,13920,720
2019-03-31,17986,13920,772
2019-03-29,17984,14719,720
2019-03-30,17985,14719,720
2019-03-31,17986,14719,735
2019-03-29,17984,12895,716
2019-03-30,17985,12895,720
2019-03-31,17986,12895,733
2019-03-29,17984,54787,720
2019-03-30,17985,54787,720
2019-03-31,17986,54787,739
2019-03-29,17984,14944,720
2019-03-30,17985,14944,720
2019-03-31,17986,14944,709
2019-03-29,17984,13964,720
2019-03-30,17985,13964,720
2019-03-31,17986,13964,688
2019-03-29,17984,23091,636
2019-03-30,17985,23091,720
2019-03-31,17986,23091,709
2019-03-29,17984,13961,720
2019-03-30,17985,13961,720
2019-03-31,17986,13961,712
2019-03-29,17984,03888,720
2019-03-30,17985,03888,720
2019-03-31,17986,03888,660
2019-03-29,17984,03166,720
2019-03-30,17985,03166,720
2019-03-31,17986,03166,764
2019-03-29,17984,04836,720
2019-03-30,17985,04836,720
2019-03-31,17986,04836,664
2019-03-29,17984,14827,720
2019-03-30,17985,14827,720
2019-03-31,17986,14827,667
2019-03-29,17984,54793,720
2019-03-30,17985,54793,701
2019-03-31,17986,54793,654
2019-03-29,17984,12885,720
2019-03-30,17985,12885,720
2019-03-31,17986,12885,670
2019-03-29,17984,93993,720
2019-03-30,17985,93993,716
2019-03-31,17986,93993,713
2019-03-29,17984,54773,715
2019-03-30,17985,54773,720
2019-03-31,17986,54773,674
2019-03-29,17984,13975,720
2019-03-30,17985,13975,709
2019-03-31,17986,13975,719
2019-03-29,17984,94023,720
2019-03-30,17985,94023,720
2019-03-31,17986,94023,791
2019-03-29,17984,23064,720
2019-03-30,17985,23064,720
2019-03-31,17986,23064,690
2019-03-29,17984,03195,711
2019-03-30,17985,03195,686
2019-03-31,17986,03195,762
2019-03-29,17984,23055,720
2019-03-30,17985,23055,667
2019-03-31,17986,23055,809
2019-03-29,17984,13764,720
2019-03-30,17985,13764,720
2019-03-31,17986,13764,685
2019-03-29,17984,24157,720
2019-03-30,17985,24157,697
2019-03-31,17986,24157,779
2019-03-29,17984,24048,720
2019-03-30,17985,24048,716
2019-03-31,17986,24048,769
2019-03-29,17984,53866,720
2019-03-30,17985,53866,720
2019-03-31,17986,53866,701
2019-03-29,17984,14916,720
2019-03-30,17985,14916,720
2019-03-31,17986,14916,678
2019-03-29,17984,14750,720
2019-03-30,17985,14750,720
2019-03-31,17986,14750,632
2019-03-29,17984,03901,720
2019-03-30,17985,03901,720
2019-03-31,17986,03901,768
2019-03-29,17984,94008,720
2019-03-30,17985,94008,712
2019-03-31,17986,94008,830
2019-03-29,17984,12876,720
2019-03-30,17985,12876,712
2019-03-31,17986,12876,706
2019-03-29,17984,23066,716
2019-03-30,17985,23066,694
2019-03-31,17986,23066,811
2019-03-29,17984,04843,720
2019-03-30,17985,04843,720
2019-03-31,17986,04843,715
2019-03-29,17984,53907,720
2019-03-30,17985,53907,720
2019-03-31,17986,53907,777
2019-03-29,17984,23065,720
2019-03-30,17985,23065,720
2019-03-31,17986,23065,836
2019-03-29,17984,13939,720
2019-03-30,17985,13939,720
2019-03-31,17986,13939,782
2019-03-29,17984,04854,720
2019-03-30,17985,04854,696
2019-03-31,17986,04854,704
2019-03-29,17984,12923,720
2019-03-30,17985,12923,711
2019-03-31,17986,12923,785
2019-03-29,17984,13886,720
2019-03-30,17985,13886,720
2019-03-31,17986,13886,727
2019-03-31,17986,94992,688
2019-03-29,17984,94626,717
2019-03-30,17985,94626,720
2019-03-31,17986,94626,732
2019-03-29,17984,12816,720
2019-03-30,17985,12816,712
2019-03-31,17986,12816,736
2019-03-29,17984,53913,715
2019-03-30,17985,53913,720
2019-03-31,17986,53913,771
2019-03-29,17984,14707,720
2019-03-30,17985,14707,714
2019-03-31,17986,14707,640
2019-03-29,17984,24146,711
2019-03-30,17985,24146,720
2019-03-31,17986,24146,763
2019-03-29,17984,93874,720
2019-03-30,17985,93874,714
2019-03-31,17986,93874,705
2019-03-29,17984,14898,720
2019-03-30,17985,14898,720
2019-03-31,17986,14898,707
2019-03-29,17984,53874,720
2019-03-30,17985,53874,720
2019-03-31,17986,53874,649
2019-03-29,17984,14935,720
2019-03-30,17985,14935,720
2019-03-31,17986,14935,711
2019-03-29,17984,94860,720
2019-03-30,17985,94860,720
2019-03-31,17986,94860,581
2019-03-29,17984,14829,720
2019-03-30,17985,14829,720
2019-03-31,17986,14829,656
2019-03-29,17984,13723,720
2019-03-30,17985,13723,720
2019-03-31,17986,13723,658
2019-03-29,17984,03870,720
2019-03-30,17985,03870,720
2019-03-31,17986,03870,660
2019-03-29,17984,23081,720
2019-03-30,17985,23081,703
2019-03-31,17986,23081,774
2019-03-29,17984,03030,720
2019-03-30,17985,03030,720
2019-03-31,17986,03030,706
2019-03-29,17984,53838,720
2019-03-30,17985,53838,716
2019-03-31,17986,53838,671
2019-03-29,17984,13978,720
2019-03-30,17985,13978,720
2019-03-31,17986,13978,655
2019-03-29,17984,53820,720
2019-03-30,17985,53820,720
2019-03-31,17986,53820,735
2019-03-29,17984,53855,716
2019-03-30,17985,53855,720
2019-03-31,17986,53855,677
2019-03-29,17984,13833,720
2019-03-30,17985,13833,720
2019-03-31,17986,13833,739
2019-03-29,17984,93986,720
2019-03-30,17985,93986,720
2019-03-31,17986,93986,741
2019-03-29,17984,12962,720
2019-03-30,17985,12962,715
2019-03-31,17986,12962,705
2019-03-29,17984,94038,720
2019-03-30,17985,94038,707
2019-03-31,17986,94038,806
2019-03-29,17984,14752,720
2019-03-30,17985,14752,720
2019-03-31,17986,14752,684
2019-03-29,17984,93706,720
2019-03-30,17985,93706,720
2019-03-31,17986,93706,690
2019-03-29,17984,03167,720
2019-03-30,17985,03167,720
2019-03-31,17986,03167,867
2019-03-29,17984,94931,720
2019-03-30,17985,94931,720
2019-03-31,17986,94931,103
2019-03-29,17984,54728,720
2019-03-30,17985,54728,712
2019-03-31,17986,54728,695
2019-03-29,17984,94261,710
2019-03-30,17985,94261,720
2019-03-31,17986,94261,877
2019-03-29,17984,53119,720
2019-03-30,17985,53119,712
2019-03-31,17986,53119,867
2019-03-29,17984,53869,720
2019-03-30,17985,53869,720
2019-03-31,17986,53869,762
2019-03-29,17984,13927,720
2019-03-30,17985,13927,720
2019-03-31,17986,13927,668
2019-03-29,17984,03810,720
2019-03-31,17986,03810,714
2019-03-29,17984,93990,720
2019-03-30,17985,93990,720
2019-03-31,17986,93990,736
2019-03-29,17984,14894,720
2019-03-30,17985,14894,720
2019-03-31,17986,14894,624
2019-03-29,17984,24144,720
2019-03-30,17985,24144,720
2019-03-31,17986,24144,756
2019-03-29,17984,14936,720
2019-03-30,17985,14936,720
2019-03-31,17986,14936,788
2019-03-29,17984,03962,720
2019-03-30,17985,03962,720
2019-03-31,17986,03962,752
2019-03-29,17984,12918,720
2019-03-30,17985,12918,720
2019-03-31,17986,12918,795
2019-03-29,17984,94745,720
2019-03-30,17985,94745,720
2019-03-31,17986,94745,737
2019-03-29,17984,94225,720
2019-03-30,17985,94225,720
2019-03-31,17986,94225,919
2019-03-29,17984,04113,702
2019-03-30,17985,04113,720
2019-03-31,17986,04113,819
2019-03-29,17984,12904,720
2019-03-30,17985,12904,720
2019-03-31,17986,12904,714
2019-03-29,17984,13971,720
2019-03-30,17985,13971,720
2019-03-31,17986,13971,697
2019-03-29,17984,93729,720
2019-03-30,17985,93729,720
2019-03-31,17986,93729,658
2019-03-29,17984,94949,720
2019-03-30,17985,94949,720
2019-03-31,17986,94949,716
2019-03-29,17984,03856,720
2019-03-30,17985,03856,720
2019-03-31,17986,03856,723
2019-03-29,17984,94814,720
2019-03-30,17985,94814,720
2019-03-31,17986,94814,665
2019-03-29,17984,03860,720
2019-03-30,17985,03860,720
2019-03-31,17986,03860,611
2019-03-29,17984,03868,720
2019-03-30,17985,03868,700
2019-03-31,17986,03868,669
2019-03-29,17984,14609,720
2019-03-30,17985,14609,720
2019-03-31,17986,14609,672
2019-03-29,17984,13986,720
2019-03-30,17985,13986,720
2019-03-31,17986,13986,724
2019-03-29,17984,14758,720
2019-03-30,17985,14758,720
2019-03-31,17986,14758,678
2019-03-29,17984,94012,720
2019-03-30,17985,94012,715
2019-03-31,17986,94012,801
2019-03-29,17984,93228,720
2019-03-30,17985,93228,720
2019-03-31,17986,93228,862
2019-03-29,17984,92809,720
2019-03-30,17985,92809,719
2019-03-31,17986,92809,678
2019-03-29,17984,54790,720
2019-03-30,17985,54790,720
2019-03-31,17986,54790,548
2019-03-29,17984,94720,720
2019-03-30,17985,94720,720
2019-03-31,17986,94720,689
2019-03-29,17984,94973,715
2019-03-30,17985,94973,720
2019-03-31,17986,94973,743
2019-03-29,17984,04857,720
2019-03-30,17985,04857,716
2019-03-31,17986,04857,620
2019-03-29,17984,93738,720
2019-03-30,17985,93738,720
2019-03-31,17986,93738,695
2019-03-29,17984,04724,717
2019-03-30,17985,04724,720
2019-03-31,17986,04724,697
2019-03-29,17984,12960,720
2019-03-30,17985,12960,713
2019-03-31,17986,12960,759
2019-03-29,17984,94990,720
2019-03-30,17985,94990,720
2019-03-31,17986,94990,761
2019-03-29,17984,03928,720
2019-03-30,17985,03928,720
2019-03-31,17986,03928,724
2019-03-29,17984,24145,720
2019-03-30,17985,24145,720
2019-03-31,17986,24145,810
2019-03-29,17984,94039,720
2019-03-30,17985,94039,720
2019-03-31,17986,94039,824
2019-03-29,17984,93167,720
2019-03-30,17985,93167,720
2019-03-31,17986,93167,830
2019-03-29,17984,54767,692
2019-03-30,17985,54767,720
2019-03-31,17986,54767,712
2019-03-29,17984,13781,720
2019-03-30,17985,13781,720
2019-03-31,17986,13781,714
2019-03-29,17984,13748,720
2019-03-30,17985,13748,720
2019-03-31,17986,13748,633
2019-03-29,17984,13841,720
2019-03-30,17985,13841,720
2019-03-31,17986,13841,718
2019-03-29,17984,24091,720
2019-03-30,17985,24091,720
2019-03-31,17986,24091,801
2019-03-29,17984,94893,716
2019-03-30,17985,94893,720
2019-03-31,17986,94893,777
2019-03-29,17984,93819,720
2019-03-30,17985,93819,720
2019-03-31,17986,93819,644
2019-03-29,17984,23040,720
2019-03-30,17985,23040,720
2019-03-31,17986,23040,778
2019-03-30,17985,14918,720
2019-03-31,17986,14918,783
2019-03-30,17985,93807,716
2019-03-29,17984,23194,720
2019-03-30,17985,23194,680
2019-03-31,17986,23194,852
2019-03-29,17984,14937,693
2019-03-30,17985,14937,720
2019-03-31,17986,14937,771
2019-03-29,17984,03144,720
2019-03-30,17985,03144,714
2019-03-31,17986,03144,817
2019-03-29,17984,14778,720
2019-03-30,17985,14778,715
2019-03-31,17986,14778,644
2019-03-29,17984,14938,720
2019-03-30,17985,14938,720
2019-03-31,17986,14938,675
2019-03-29,17984,94014,720
2019-03-30,17985,94014,718
2019-03-31,17986,94014,710
2019-03-29,17984,04781,720
2019-03-30,17985,04781,720
2019-03-31,17986,04781,652
2019-03-29,17984,04826,720
2019-03-30,17985,04826,720
2019-03-31,17986,04826,708
2019-03-29,17984,03026,720
2019-03-30,17985,03026,720
2019-03-31,17986,03026,759
2019-03-29,17984,94623,720
2019-03-30,17985,94623,720
2019-03-31,17986,94623,634
2019-03-29,17984,93909,720
2019-03-30,17985,93909,720
2019-03-31,17986,93909,694
2019-03-29,17984,54772,720
2019-03-30,17985,54772,720
2019-03-31,17986,54772,600
2019-03-29,17984,03940,720
2019-03-30,17985,03940,720
2019-03-31,17986,03940,726
2019-03-29,17984,13889,720
2019-03-30,17985,13889,707
2019-03-31,17986,13889,668
2019-03-29,17984,03953,720
2019-03-30,17985,03953,720
2019-03-31,17986,03953,719
2019-03-29,17984,13973,715
2019-03-30,17985,13973,720
2019-03-31,17986,13973,731
2019-03-31,17986,94051,135
2019-03-29,17984,03963,720
2019-03-30,17985,03963,720
2019-03-31,17986,03963,658
2019-03-29,17984,04110,720
2019-03-30,17985,04110,715
2019-03-31,17986,04110,792
2019-03-29,17984,94789,720
2019-03-30,17985,94789,720
2019-03-31,17986,94789,694
2019-03-29,17984,03889,712
2019-03-30,17985,03889,659
2019-03-31,17986,03889,650
2019-03-29,17984,13987,720
2019-03-30,17985,13987,720
2019-03-31,17986,13987,736
2019-03-29,17984,14919,720
2019-03-30,17985,14919,720
2019-03-31,17986,14919,761
2019-03-29,17984,04726,720
2019-03-30,17985,04726,720
2019-03-31,17986,04726,702
2019-03-29,17984,14833,720
2019-03-30,17985,14833,720
2019-03-31,17986,14833,704
2019-03-29,17984,03013,640
2019-03-30,17985,03013,685
2019-03-31,17986,03013,753
2019-03-29,17984,14835,720
2019-03-30,17985,14835,720
2019-03-31,17986,14835,703
2019-03-29,17984,14836,720
2019-03-30,17985,14836,720
2019-03-31,17986,14836,710
2019-03-29,17984,24022,720
2019-03-30,17985,24022,720
2019-03-31,17986,24022,803
2019-03-29,17984,23169,702
2019-03-30,17985,23169,680
2019-03-31,17986,23169,154
2019-03-29,17984,03950,720
2019-03-30,17985,03950,720
2019-03-31,17986,03950,771
2019-03-29,17984,23174,720
2019-03-30,17985,23174,720
2019-03-31,17986,23174,901
2019-03-29,17984,23042,716
2019-03-30,17985,23042,719
2019-03-31,17986,23042,779
2019-03-29,17984,24023,720
2019-03-30,17985,24023,720
2019-03-31,17986,24023,785
2019-03-29,17984,12976,720
2019-03-30,17985,12976,716
2019-03-31,17986,12976,788
2019-03-29,17984,03937,720
2019-03-30,17985,03937,720
2019-03-31,17986,03937,790
2019-03-29,17984,94765,720
2019-03-30,17985,94765,720
2019-03-31,17986,94765,637
2019-03-29,17984,12819,720
2019-03-30,17985,12819,720
2019-03-31,17986,12819,725
2019-03-29,17984,93820,720
2019-03-30,17985,93820,720
2019-03-31,17986,93820,737
2019-03-29,17984,93987,720
2019-03-30,17985,93987,720
2019-03-31,17986,93987,799
2019-03-29,17984,13976,720
2019-03-30,17985,13976,720
2019-03-31,17986,13976,675
2019-03-29,17984,14732,720
2019-03-30,17985,14732,720
2019-03-31,17986,14732,655
2019-03-29,17984,23129,720
2019-03-30,17985,23129,720
2019-03-31,17986,23129,837
2019-03-29,17984,94128,716
2019-03-30,17985,94128,702
2019-03-31,17986,94128,775
2019-03-29,17984,53844,720
2019-03-30,17985,53844,720
2019-03-31,17986,53844,661
2019-03-29,17984,23067,715
2019-03-30,17985,23067,716
2019-03-31,17986,23067,742
2019-03-29,17984,93010,720
2019-03-30,17985,93010,720
2019-03-31,17986,93010,724
2019-03-29,17984,13963,720
2019-03-30,17985,13963,720
2019-03-31,17986,13963,717
2019-03-29,17984,04114,720
2019-03-30,17985,04114,716
2019-03-31,17986,04114,779
2019-03-29,17984,53919,720
2019-03-30,17985,53919,702
2019-03-31,17986,53919,720
2019-03-29,17984,94236,716
2019-03-30,17985,94236,706
2019-03-31,17986,94236,833
2019-03-29,17984,24021,720
2019-03-30,17985,24021,720
2019-03-31,17986,24021,794
2019-03-29,17984,14939,720
2019-03-30,17985,14939,720
2019-03-31,17986,14939,727
2019-03-29,17984,14921,720
2019-03-30,17985,14921,720
2019-03-31,17986,14921,728
2019-03-29,17984,54737,720
2019-03-30,17985,54737,720
2019-03-31,17986,54737,684
2019-03-29,17984,24172,714
2019-03-30,17985,24172,712
2019-03-31,17986,24172,856
2019-03-29,17984,13810,715
2019-03-30,17985,13810,708
2019-03-31,17986,13810,679
2019-03-29,17984,03849,712
2019-03-30,17985,03849,720
2019-03-31,17986,03849,690
2019-03-29,17984,04849,720
2019-03-30,17985,04849,720
2019-03-31,17986,04849,692
2019-03-29,17984,14920,720
2019-03-30,17985,14920,720
2019-03-31,17986,14920,754
2019-03-29,17984,93812,719
2019-03-30,17985,93812,720
2019-03-31,17986,93812,695
2019-03-29,17984,12975,720
2019-03-30,17985,12975,720
2019-03-31,17986,12975,757
2019-03-29,17984,23285,707
2019-03-30,17985,23285,716
2019-03-31,17986,23285,879
2019-03-29,17984,24150,720
2019-03-30,17985,24150,470
2019-03-31,17986,24150,614
2019-03-29,17984,23054,720
2019-03-30,17985,23054,711
2019-03-31,17986,23054,817
2019-03-29,17984,03997,720
2019-03-30,17985,03997,720
2019-03-31,17986,03997,729
2019-03-29,17984,94991,720
2019-03-30,17985,94991,720
2019-03-31,17986,94991,731
2019-03-29,17984,94723,716
2019-03-30,17985,94723,701
2019-03-31,17986,94723,638
2019-03-29,17984,24149,720
2019-03-30,17985,24149,707
2019-03-31,17986,24149,892
2019-03-29,17984,24036,720
2019-03-30,17985,24036,705
2019-03-31,17986,24036,821
2019-03-29,17984,13809,720
2019-03-30,17985,13809,720
2019-03-31,17986,13809,709
2019-03-29,17984,53879,720
2019-03-30,17985,53879,720
2019-03-31,17986,53879,738
2019-03-29,17984,93009,712
2019-03-30,17985,93009,716
2019-03-31,17986,93009,542
2019-03-29,17984,13733,720
2019-03-30,17985,13733,720
2019-03-31,17986,13733,725
2019-03-29,17984,93242,720
2019-03-30,17985,93242,715
2019-03-31,17986,93242,900
2019-03-29,17984,23023,720
2019-03-30,17985,23023,720
2019-03-31,17986,23023,786
2019-03-29,17984,03818,716
2019-03-30,17985,03818,720
2019-03-31,17986,03818,794
2019-03-29,17984,94052,720
2019-03-30,17985,94052,720
2019-03-31,17986,94052,704
2019-03-29,17984,14845,720
2019-03-30,17985,14845,720
2019-03-31,17986,14845,739
2019-03-29,17984,93919,720
2019-03-30,17985,93919,715
2019-03-31,17986,93919,711
2019-03-29,17984,23257,720
2019-03-30,17985,23257,720
2019-03-31,17986,23257,833
2019-03-29,17984,03947,720
2019-03-30,17985,03947,720
2019-03-31,17986,03947,693
2019-03-29,17984,94040,714
2019-03-30,17985,94040,720
2019-03-31,17986,94040,694
2019-03-29,17984,03813,720
2019-03-30,17985,03813,720
2019-03-31,17986,03813,589
2019-03-29,17984,12815,720
2019-03-30,17985,12815,720
2019-03-31,17986,12815,652
2019-03-29,17984,14940,720
2019-03-30,17985,14940,634
2019-03-31,17986,14940,711
2019-03-29,17984,93810,720
2019-03-31,17986,93810,726
2019-03-29,17984,14711,720
2019-03-30,17985,14711,720
2019-03-31,17986,14711,668
2019-03-29,17984,14819,720
2019-03-30,17985,14819,720
2019-03-31,17986,14819,725
2019-03-29,17984,93782,720
2019-03-30,17985,93782,720
2019-03-31,17986,93782,671
2019-03-29,17984,24152,720
2019-03-30,17985,24152,716
2019-03-31,17986,24152,827
2019-03-30,17985,13865,720
2019-03-31,17986,13865,660
2019-03-29,17984,13893,720
2019-03-30,17985,13893,720
2019-03-31,17986,13893,672
2019-03-29,17984,14891,720
2019-03-30,17985,14891,720
2019-03-31,17986,14891,679
2019-03-29,17984,12959,720
2019-03-30,17985,12959,711
2019-03-31,17986,12959,741
2019-03-29,17984,94985,720
2019-03-30,17985,94985,720
2019-03-31,17986,94985,741
2019-03-29,17984,24225,720
2019-03-30,17985,24225,720
2019-03-31,17986,24225,799
2019-03-29,17984,04789,720
2019-03-30,17985,04789,720
2019-03-31,17986,04789,690
2019-03-29,17984,13895,720
2019-03-30,17985,13895,720
2019-03-31,17986,13895,752
2019-03-29,17984,13736,720
2019-03-30,17985,13736,720
2019-03-31,17986,13736,694
2019-03-29,17984,53859,700
2019-03-30,17985,53859,720
2019-03-31,17986,53859,696
2019-03-29,17984,94950,720
2019-03-30,17985,94950,720
2019-03-31,17986,94950,758
2019-03-29,17984,03936,720
2019-03-30,17985,03936,720
2019-03-31,17986,03936,704
2019-03-29,17984,24215,711
2019-03-30,17985,24215,695
2019-03-31,17986,24215,864
2019-03-29,17984,14710,720
2019-03-30,17985,14710,720
2019-03-31,17986,14710,704
2019-03-29,17984,12839,720
2019-03-30,17985,12839,720
2019-03-31,17986,12839,706
2019-03-29,17984,94960,720
2019-03-30,17985,94960,720
2019-03-31,17986,94960,687
2019-03-29,17984,94895,706
2019-03-30,17985,94895,720
2019-03-31,17986,94895,647
2019-03-29,17984,13735,720
2019-03-30,17985,13735,711
2019-03-31,17986,13735,713
2019-03-29,17984,94988,720
2019-03-30,17985,94988,720
2019-03-31,17986,94988,755
2019-03-29,17984,13988,720
2019-03-30,17985,13988,720
2019-03-31,17986,13988,753
2019-03-29,17984,14839,720
2019-03-30,17985,14839,720
2019-03-31,17986,14839,784
2019-03-29,17984,14840,720
2019-03-30,17985,14840,720
2019-03-31,17986,14840,726
2019-03-29,17984,03811,720
2019-03-30,17985,03811,720
2019-03-31,17986,03811,785
2019-03-29,17984,93953,720
2019-03-30,17985,93953,720
2019-03-31,17986,93953,764
2019-03-29,17984,12838,720
2019-03-30,17985,12838,720
2019-03-31,17986,12838,730
2019-03-29,17984,93950,720
2019-03-30,17985,93950,720
2019-03-31,17986,93950,796
2019-03-29,17984,23176,719
2019-03-30,17985,23176,720
2019-03-31,17986,23176,836
2019-03-29,17984,14923,720
2019-03-30,17985,14923,720
2019-03-31,17986,14923,664
2019-03-29,17984,24154,720
2019-03-30,17985,24154,720
2019-03-31,17986,24154,777
2019-03-29,17984,24037,720
2019-03-30,17985,24037,711
2019-03-31,17986,24037,737
2019-03-29,17984,14610,720
2019-03-30,17985,14610,720
2019-03-31,17986,14610,612
2019-03-29,17984,13942,720
2019-03-30,17985,13942,720
2019-03-31,17986,13942,591
2019-03-29,17984,54788,720
2019-03-30,17985,54788,720
2019-03-31,17986,54788,624
2019-03-29,17984,94273,720
2019-03-30,17985,94273,715
2019-03-31,17986,94273,796
2019-03-29,17984,04855,720
2019-03-30,17985,04855,720
2019-03-31,17986,04855,542
2019-03-29,17984,13894,720
2019-03-30,17985,13894,720
2019-03-31,17986,13894,699
2019-03-29,17984,23258,720
2019-03-30,17985,23258,720
2019-03-31,17986,23258,812
2019-03-29,17984,24013,654
2019-03-30,17985,24013,713
2019-03-31,17986,24013,611
2019-03-29,17984,54789,720
2019-03-30,17985,54789,720
2019-03-31,17986,54789,647
2019-03-29,17984,94705,720
2019-03-30,17985,94705,720
2019-03-31,17986,94705,651
2019-03-29,17984,14753,720
2019-03-30,17985,14753,720
2019-03-31,17986,14753,654
2019-03-29,17984,13734,499
2019-03-31,17986,13734,652
2019-03-29,17984,93765,720
2019-03-30,17985,93765,720
2019-03-31,17986,93765,563
2019-03-29,17984,23259,715
2019-03-30,17985,23259,720
2019-03-31,17986,23259,841
2019-03-29,17984,13896,713
2019-03-30,17985,13896,720
2019-03-31,17986,13896,723
2019-03-29,17984,14837,604
2019-03-30,17985,14837,680
2019-03-31,17986,14837,658
2019-03-29,17984,24153,720
2019-03-30,17985,24153,720
2019-03-31,17986,24153,700
2019-03-29,17984,14922,720
2019-03-30,17985,14922,720
2019-03-31,17986,14922,714
2019-03-29,17984,94725,720
2019-03-30,17985,94725,720
2019-03-31,17986,94725,594
2019-03-29,17984,12916,720
2019-03-30,17985,12916,720
2019-03-31,17986,12916,734
2019-03-29,17984,12896,720
2019-03-30,17985,12896,720
2019-03-31,17986,12896,676
2019-03-29,17984,93013,720
2019-03-30,17985,93013,698
2019-03-31,17986,93013,726
2019-03-29,17984,53802,720
2019-03-30,17985,53802,720
2019-03-31,17986,53802,730
2019-03-29,17984,54780,720
2019-03-30,17985,54780,720
2019-03-31,17986,54780,682
2019-03-29,17984,54771,720
2019-03-30,17985,54771,720
2019-03-31,17986,54771,682
2019-03-29,17984,94724,720
2019-03-30,17985,94724,720
2019-03-31,17986,94724,697
2019-03-29,17984,24110,716
2019-03-30,17985,24110,705
2019-03-31,17986,24110,852
2019-03-29,17984,93985,720
2019-03-30,17985,93985,720
2019-03-31,17986,93985,747
2019-03-29,17984,53921,633
2019-03-30,17985,53921,712
2019-03-31,17986,53921,102
2019-03-29,17984,03131,720
2019-03-30,17985,03131,720
2019-03-31,17986,03131,881
2019-03-29,17984,94182,720
2019-03-30,17985,94182,720
2019-03-31,17986,94182,828
2019-03-29,17984,93205,711
2019-03-30,17985,93205,715
2019-03-31,17986,93205,886
2019-03-29,17984,94041,719
2019-03-30,17985,94041,720
2019-03-31,17986,94041,773
2019-03-29,17984,13752,720
2019-03-30,17985,13752,424
2019-03-31,17986,13752,715
2019-03-29,17984,93831,720
2019-03-30,17985,93831,720
2019-03-31,17986,93831,724
2019-03-29,17984,93727,720
2019-03-30,17985,93727,720
2019-03-31,17986,93727,737
2019-03-29,17984,53847,555
2019-03-30,17985,53847,862
2019-03-31,17986,53847,457
2019-03-29,17984,63890,674
2019-03-30,17985,63890,766
2019-03-31,17986,63890,519
2019-03-29,17984,53917,575
2019-03-30,17985,53917,865
2019-03-31,17986,53917,463
2019-03-29,17984,13762,689
2019-03-30,17985,13762,751
2019-03-31,17986,13762,534
2019-03-29,17984,93102,704
2019-03-30,17985,93102,721
2019-03-31,17986,93102,725
2019-03-29,17984,13911,716
2019-03-30,17985,13911,712
2019-03-29,17984,13750,720
2019-03-30,17985,13750,720
2019-03-31,17986,13750,566
2019-03-29,17984,12946,593
2019-03-30,17985,12946,847
2019-03-31,17986,12946,638
2019-03-29,17984,13721,720
2019-03-30,17985,13721,692
2019-03-31,17986,13721,589
2019-03-29,17984,93104,720
2019-03-30,17985,93104,344
2019-03-31,17986,93104,604
2019-03-29,17984,93837,605
2019-03-30,17985,93837,835
2019-03-31,17986,93837,436
2019-03-29,17984,13754,720
2019-03-30,17985,13754,720
2019-03-31,17986,13754,586
2019-03-29,17984,23110,720
2019-03-30,17985,23110,720
2019-03-31,17986,23110,783
2019-03-29,17984,03866,681
2019-03-31,17986,03866,457
2019-03-29,17984,12928,619
2019-03-30,17985,12928,821
2019-03-31,17986,12928,503
2019-03-29,17984,12850,720
2019-03-30,17985,12850,719
2019-03-31,17986,12850,634
2019-03-29,17984,03853,720
2019-03-30,17985,03853,720
2019-03-31,17986,03853,645
2019-03-29,17984,93115,720
2019-03-30,17985,93115,720
2019-03-31,17986,93115,836
2019-03-31,17986,93841,532
2019-03-29,17984,93111,582
2019-03-30,17985,93111,807
2019-03-31,17986,93111,668
2019-03-29,17984,03757,720
2019-03-30,17985,03757,720
2019-03-31,17986,03757,660
2019-03-29,17984,23244,720
2019-03-30,17985,23244,720
2019-03-31,17986,23244,868
2019-03-29,17984,24255,641
2019-03-30,17985,24255,793
2019-03-31,17986,24255,682
2019-03-29,17984,94728,669
2019-03-30,17985,94728,568
2019-03-31,17986,94728,628
2019-03-29,17984,13773,720
2019-03-31,17986,13773,703
2019-03-29,17984,93112,720
2019-03-30,17985,93112,720
2019-03-31,17986,93112,900
2019-03-29,17984,23230,720
2019-03-30,17985,23230,720
2019-03-31,17986,23230,904
2019-03-29,17984,03031,719
2019-03-30,17985,03031,714
2019-03-31,17986,03031,777
2019-03-29,17984,94958,866
2019-03-30,17985,94958,780
2019-03-31,17986,94958,790
2019-03-29,17984,14941,720
2019-03-30,17985,14941,720
2019-03-31,17986,14941,792
2019-03-29,17984,93775,720
2019-03-30,17985,93775,712
2019-03-31,17986,93775,714
2019-03-29,17984,53854,715
2019-03-30,17985,53854,720
2019-03-31,17986,53854,735
2019-03-29,17984,24126,720
2019-03-30,17985,24126,720
2019-03-31,17986,24126,835
2019-03-29,17984,03967,720
2019-03-30,17985,03967,720
2019-03-31,17986,03967,654
2019-03-29,17984,53121,720
2019-03-30,17985,53121,720
2019-03-31,17986,53121,819
2019-03-29,17984,13967,720
2019-03-30,17985,13967,720
2019-03-31,17986,13967,686
2019-03-29,17984,94017,720
2019-03-31,17986,94017,767
2019-03-29,17984,24227,716
2019-03-30,17985,24227,711
2019-03-31,17986,24227,834
2019-03-29,17984,03196,720
2019-03-30,17985,03196,706
2019-03-31,17986,03196,699
2019-03-29,17984,14942,720
2019-03-30,17985,14942,720
2019-03-31,17986,14942,705
2019-03-29,17984,94197,720
2019-03-30,17985,94197,716
2019-03-31,17986,94197,821
2019-03-29,17984,24162,720
2019-03-30,17985,24162,716
2019-03-31,17986,24162,839
2019-03-29,17984,03102,720
2019-03-30,17985,03102,709
2019-03-31,17986,03102,844
2019-03-29,17984,12882,720
2019-03-30,17985,12882,720
2019-03-31,17986,12882,667
2019-03-29,17984,53868,716
2019-03-30,17985,53868,720
2019-03-31,17986,53868,665
2019-03-29,17984,94846,720
2019-03-30,17985,94846,720
2019-03-31,17986,94846,726
2019-03-29,17984,54756,720
2019-03-30,17985,54756,720
2019-03-31,17986,54756,668
2019-03-29,17984,13737,720
2019-03-30,17985,13737,720
2019-03-31,17986,13737,670
2019-03-29,17984,94746,720
2019-03-30,17985,94746,720
2019-03-31,17986,94746,678
2019-03-29,17984,12841,720
2019-03-30,17985,12841,706
2019-03-31,17986,12841,671
2019-03-29,17984,94855,720
2019-03-30,17985,94855,720
2019-03-31,17986,94855,742
2019-03-29,17984,04804,720
2019-03-30,17985,04804,720
2019-03-31,17986,04804,684
2019-03-29,17984,14950,720
2019-03-30,17985,14950,719
2019-03-31,17986,14950,713
2019-03-29,17984,93210,715
2019-03-31,17986,93210,820
2019-03-29,17984,94994,707
2019-03-30,17985,94994,720
2019-03-31,17986,94994,726
2019-03-29,17984,54704,720
2019-03-30,17985,54704,720
2019-03-31,17986,54704,694
2019-03-29,17984,93786,720
2019-03-30,17985,93786,674
2019-03-31,17986,93786,696
2019-03-29,17984,93110,720
2019-03-30,17985,93110,720
2019-03-31,17986,93110,878
2019-03-29,17984,03957,720
2019-03-30,17985,03957,720
2019-03-31,17986,03957,699
2019-03-29,17984,94898,720
2019-03-30,17985,94898,720
2019-03-31,17986,94898,706
2019-03-31,17986,94899,601
2019-03-29,17984,94173,674
2019-03-30,17985,94173,716
2019-03-31,17986,94173,808
2019-03-29,17984,03170,720
2019-03-30,17985,03170,704
2019-03-31,17986,03170,887
2019-03-29,17984,04109,720
2019-03-30,17985,04109,720
2019-03-31,17986,04109,895
2019-03-29,17984,12968,720
2019-03-31,17986,12968,674
2019-03-29,17984,24222,720
2019-03-30,17985,24222,720
2019-03-31,17986,24222,899
2019-03-29,17984,03816,720
2019-03-30,17985,03816,720
2019-03-31,17986,03816,785
2019-03-29,17984,93988,720
2019-03-30,17985,93988,720
2019-03-31,17986,93988,793
2019-03-29,17984,12844,720
2019-03-30,17985,12844,720
2019-03-31,17986,12844,632
2019-03-29,17984,53863,716
2019-03-30,17985,53863,720
2019-03-31,17986,53863,739
2019-03-29,17984,24155,720
2019-03-30,17985,24155,720
2019-03-31,17986,24155,793
2019-03-29,17984,24229,720
2019-03-30,17985,24229,716
2019-03-31,17986,24229,809
2019-03-29,17984,54778,720
2019-03-30,17985,54778,720
2019-03-31,17986,54778,634
2019-03-29,17984,03162,720
2019-03-31,17986,03162,706
2019-03-29,17984,12812,720
2019-03-30,17985,12812,720
2019-03-31,17986,12812,637
2019-03-29,17984,04852,715
2019-03-30,17985,04852,720
2019-03-31,17986,04852,640
2019-03-29,17984,93741,682
2019-03-30,17985,93741,706
2019-03-31,17986,93741,641
2019-03-29,17984,13739,719
2019-03-30,17985,13739,720
2019-03-31,17986,13739,643
2019-03-29,17984,24024,720
2019-03-30,17985,24024,720
2019-03-31,17986,24024,759
2019-03-31,17986,23183,102
2019-03-29,17984,14842,720
2019-03-30,17985,14842,720
2019-03-31,17986,14842,689
2019-03-29,17984,12873,720
2019-03-30,17985,12873,710
2019-03-31,17986,12873,653
2019-03-29,17984,24156,720
2019-03-30,17985,24156,720
2019-03-31,17986,24156,775
2019-03-29,17984,12957,720
2019-03-30,17985,12957,719
2019-03-31,17986,12957,717
2019-03-29,17984,24025,720
2019-03-30,17985,24025,715
2019-03-31,17986,24025,720
2019-03-29,17984,94823,720
2019-03-30,17985,94823,720
2019-03-31,17986,94823,663
2019-03-30,17985,03804,715
2019-03-31,17986,03804,665
2019-03-29,17984,94967,720
2019-03-30,17985,94967,720
2019-03-31,17986,94967,727
2019-03-29,17984,14841,720
2019-03-30,17985,14841,720
2019-03-31,17986,14841,669
2019-03-29,17984,23182,716
2019-03-30,17985,23182,702
2019-03-31,17986,23182,837
2019-03-29,17984,92805,720
2019-03-30,17985,92805,720
2019-03-31,17986,92805,672
2019-03-29,17984,13969,720
2019-03-30,17985,13969,720
2019-03-31,17986,13969,713
2019-03-29,17984,94732,720
2019-03-30,17985,94732,720
2019-03-31,17986,94732,677
2019-03-29,17984,13899,720
2019-03-30,17985,13899,720
2019-03-31,17986,13899,739
2019-03-29,17984,03975,720
2019-03-30,17985,03975,720
2019-03-31,17986,03975,730
2019-03-29,17984,14757,720
2019-03-30,17985,14757,720
2019-03-31,17986,14757,683
2019-03-29,17984,03998,715
2019-03-30,17985,03998,720
2019-03-31,17986,03998,686
2019-03-29,17984,53858,720
2019-03-30,17985,53858,720
2019-03-31,17986,53858,746
2019-03-29,17984,93209,712
2019-03-30,17985,93209,716
2019-03-31,17986,93209,771
2019-03-29,17984,23184,719
2019-03-30,17985,23184,700
2019-03-31,17986,23184,708
2019-03-29,17984,63874,720
2019-03-30,17985,63874,720
2019-03-31,17986,63874,761
2019-03-29,17984,24163,720
2019-03-30,17985,24163,720
2019-03-31,17986,24163,885
2019-03-29,17984,14763,720
2019-03-30,17985,14763,709
2019-03-31,17986,14763,692
2019-03-29,17984,93138,720
2019-03-30,17985,93138,695
2019-03-31,17986,93138,770
2019-03-29,17984,12935,720
2019-03-30,17985,12935,714
2019-03-31,17986,12935,772
2019-03-29,17984,94817,720
2019-03-30,17985,94817,720
2019-03-31,17986,94817,721
2019-03-29,17984,54782,720
2019-03-30,17985,54782,716
2019-03-31,17986,54782,733
2019-03-29,17984,93058,714
2019-03-30,17985,93058,712
2019-03-31,17986,93058,845
2019-03-29,17984,93141,720
2019-03-30,17985,93141,704
2019-03-31,17986,93141,833
2019-03-29,17984,94129,720
2019-03-30,17985,94129,720
2019-03-31,17986,94129,831
2019-03-29,17984,14765,720
2019-03-30,17985,14765,720
2019-03-31,17986,14765,604
2019-03-29,17984,03954,720
2019-03-30,17985,03954,720
2019-03-31,17986,03954,656
2019-03-29,17984,04838,720
2019-03-30,17985,04838,720
2019-03-31,17986,04838,712
2019-03-29,17984,14764,720
2019-03-30,17985,14764,720
2019-03-31,17986,14764,664
2019-03-29,17984,54769,720
2019-03-30,17985,54769,720
2019-03-31,17986,54769,666
2019-03-29,17984,94818,720
2019-03-30,17985,94818,720
2019-03-31,17986,94818,731
2019-03-29,17984,03171,720
2019-03-30,17985,03171,698
2019-03-31,17986,03171,821
2019-03-29,17984,24090,720
2019-03-30,17985,24090,720
2019-03-31,17986,24090,795
2019-03-29,17984,03971,720
2019-03-30,17985,03971,720
2019-03-31,17986,03971,737
2019-03-29,17984,24231,720
2019-03-30,17985,24231,716
2019-03-31,17986,24231,858
2019-03-29,17984,24216,715
2019-03-30,17985,24216,715
2019-03-31,17986,24216,860
2019-03-29,17984,24257,715
2019-03-30,17985,24257,707
2019-03-31,17986,24257,854
2019-03-29,17984,14712,720
2019-03-30,17985,14712,720
2019-03-31,17986,14712,684
2019-03-29,17984,24230,720
2019-03-30,17985,24230,706
2019-03-31,17986,24230,844
2019-03-29,17984,13722,720
2019-03-30,17985,13722,720
2019-03-31,17986,13722,684
2019-03-29,17984,94107,720
2019-03-30,17985,94107,701
2019-03-31,17986,94107,785
2019-03-29,17984,94822,720
2019-03-30,17985,94822,720
2019-03-31,17986,94822,738
2019-03-29,17984,04803,720
2019-03-30,17985,04803,702
2019-03-31,17986,04803,750
2019-03-29,17984,13740,720
2019-03-30,17985,13740,720
2019-03-31,17986,13740,696
2019-03-29,17984,24061,720
2019-03-30,17985,24061,711
2019-03-31,17986,24061,809
2019-03-29,17984,12972,430
2019-03-30,17985,12972,720
2019-03-31,17986,12972,760
2019-03-29,17984,24027,720
2019-03-30,17985,24027,720
2019-03-31,17986,24027,822
2019-03-29,17984,64775,720
2019-03-30,17985,64775,720
2019-03-31,17986,64775,704
2019-03-29,17984,93801,720
2019-03-30,17985,93801,715
2019-03-31,17986,93801,704
2019-03-30,17985,53120,720
2019-03-29,17984,23185,715
2019-03-30,17985,23185,707
2019-03-31,17986,23185,880
2019-03-29,17984,94248,720
2019-03-30,17985,94248,720
2019-03-31,17986,94248,719
2019-03-29,17984,13741,720
2019-03-30,17985,13741,720
2019-03-31,17986,13741,720
2019-03-29,17984,14768,720
2019-03-30,17985,14768,720
2019-03-31,17986,14768,723
2019-03-29,17984,23009,720
2019-03-30,17985,23009,795
2019-03-31,17986,23009,844
2019-03-29,17984,03029,720
2019-03-30,17985,03029,702
2019-03-31,17986,03029,828
2019-03-29,17984,93997,720
2019-03-30,17985,93997,720
2019-03-31,17986,93997,751
2019-03-29,17984,12894,720
2019-03-30,17985,12894,720
2019-03-31,17986,12894,719
2019-03-29,17984,23052,720
2019-03-30,17985,23052,716
2019-03-31,17986,23052,854
2019-03-29,17984,53920,720
2019-03-30,17985,53920,720
2019-03-31,17986,53920,783
2019-03-29,17984,53908,700
2019-03-30,17985,53908,720
2019-03-31,17986,53908,710
2019-03-29,17984,14992,720
2019-03-30,17985,14992,720
2019-03-31,17986,14992,695
2019-03-29,17984,93759,720
2019-03-30,17985,93759,720
2019-03-31,17986,93759,637
2019-03-29,17984,24057,720
2019-03-30,17985,24057,706
2019-03-31,17986,24057,747
2019-03-29,17984,94194,697
2019-03-30,17985,94194,716
2019-03-31,17986,94194,731
2019-03-29,17984,23232,720
2019-03-30,17985,23232,720
2019-03-31,17986,23232,780
2019-03-29,17984,93084,720
2019-03-30,17985,93084,696
2019-03-31,17986,93084,764
2019-03-29,17984,23049,720
2019-03-30,17985,23049,720
2019-03-31,17986,23049,771
2019-03-29,17984,23188,720
2019-03-30,17985,23188,720
2019-03-31,17986,23188,834
2019-03-29,17984,12921,720
2019-03-30,17985,12921,720
2019-03-31,17986,12921,716
2019-03-29,17984,03822,720
2019-03-30,17985,03822,720
2019-03-31,17986,03822,658
2019-03-29,17984,23190,708
2019-03-30,17985,23190,720
2019-03-31,17986,23190,840
2019-03-29,17984,04841,720
2019-03-30,17985,04841,720
2019-03-31,17986,04841,673
2019-03-29,17984,14848,720
2019-03-30,17985,14848,720
2019-03-31,17986,14848,608
2019-03-29,17984,93206,720
2019-03-30,17985,93206,720
2019-03-31,17986,93206,843
2019-03-29,17984,93720,720
2019-03-30,17985,93720,720
2019-03-31,17986,93720,668
2019-03-29,17984,23237,720
2019-03-30,17985,23237,720
2019-03-31,17986,23237,851
2019-03-29,17984,23187,712
2019-03-30,17985,23187,720
2019-03-31,17986,23187,860
2019-03-29,17984,93821,684
2019-03-30,17985,93821,620
2019-03-31,17986,93821,679
2019-03-29,17984,03192,720
2019-03-30,17985,03192,698
2019-03-31,17986,03192,798
2019-03-29,17984,03178,720
2019-03-30,17985,03178,720
2019-03-31,17986,03178,876
2019-03-29,17984,24233,720
2019-03-30,17985,24233,720
2019-03-31,17986,24233,880
2019-03-29,17984,14770,720
2019-03-30,17985,14770,720
2019-03-31,17986,14770,702
2019-03-29,17984,53904,720
2019-03-30,17985,53904,720
2019-03-31,17986,53904,759
2019-03-29,17984,12854,720
2019-03-30,17985,12854,716
2019-03-31,17986,12854,701
2019-03-29,17984,94176,720
2019-03-30,17985,94176,706
2019-03-31,17986,94176,887
2019-03-29,17984,13995,718
2019-03-30,17985,13995,720
2019-03-31,17986,13995,735
2019-03-29,17984,12977,720
2019-03-30,17985,12977,713
2019-03-31,17986,12977,774
2019-03-29,17984,94227,715
2019-03-30,17985,94227,702
2019-03-31,17986,94227,891
2019-03-29,17984,24029,720
2019-03-30,17985,24029,720
2019-03-31,17986,24029,838
2019-03-29,17984,13957,720
2019-03-30,17985,13957,720
2019-03-31,17986,13957,777
2019-03-29,17984,24259,720
2019-03-30,17985,24259,710
2019-03-31,17986,24259,902
2019-03-29,17984,23293,720
2019-03-30,17985,23293,715
2019-03-31,17986,23293,895
2019-03-29,17984,93027,720
2019-03-30,17985,93027,711
2019-03-31,17986,93027,846
2019-03-29,17984,23034,711
2019-03-30,17985,23034,720
2019-03-31,17986,23034,781
2019-03-29,17984,24127,709
2019-03-30,17985,24127,701
2019-03-31,17986,24127,837
2019-03-29,17984,24232,720
2019-03-30,17985,24232,710
2019-03-31,17986,24232,913
2019-03-29,17984,94740,715
2019-03-30,17985,94740,720
2019-03-31,17986,94740,722
2019-03-29,17984,03919,720
2019-03-30,17985,03919,720
2019-03-31,17986,03919,751
2019-03-29,17984,93225,715
2019-03-30,17985,93225,720
2019-03-31,17986,93225,803
2019-03-29,17984,93197,716
2019-03-30,17985,93197,720
2019-03-31,17986,93197,810
2019-03-29,17984,54785,691
2019-03-30,17985,54785,705
2019-03-31,17986,54785,550
2019-03-29,17984,23273,706
2019-03-30,17985,23273,723
2019-03-31,17986,23273,809
2019-03-29,17984,93184,720
2019-03-30,17985,93184,720
2019-03-31,17986,93184,779
2019-03-29,17984,23233,720
2019-03-30,17985,23233,720
2019-03-31,17986,23233,839
2019-03-29,17984,04112,720
2019-03-30,17985,04112,720
2019-03-31,17986,04112,764
2019-03-29,17984,24030,720
2019-03-30,17985,24030,720
2019-03-31,17986,24030,768
2019-03-29,17984,04201,719
2019-03-30,17985,04201,720
2019-03-31,17986,04201,755
2019-03-29,17984,03028,720
2019-03-30,17985,03028,720
2019-03-31,17986,03028,771
2019-03-29,17984,92806,720
2019-03-30,17985,92806,671
2019-03-31,17986,92806,671
2019-03-29,17984,93822,718
2019-03-30,17985,93822,720
2019-03-31,17986,93822,729
2019-03-29,17984,13966,720
2019-03-30,17985,13966,712
2019-03-31,17986,13966,652
2019-03-29,17984,14972,720
2019-03-30,17985,14972,720
2019-03-31,17986,14972,739
2019-03-29,17984,12970,720
2019-03-30,17985,12970,720
2019-03-31,17986,12970,745
2019-03-29,17984,13878,720
2019-03-30,17985,13878,710
2019-03-31,17986,13878,664
2019-03-29,17984,14926,717
2019-03-30,17985,14926,720
2019-03-31,17986,14926,731
2019-03-29,17984,13993,720
2019-03-30,17985,13993,720
2019-03-31,17986,13993,728
2019-03-29,17984,13994,720
2019-03-30,17985,13994,720
2019-03-31,17986,13994,727
2019-03-29,17984,14927,720
2019-03-30,17985,14927,720
2019-03-31,17986,14927,759
2019-03-29,17984,23213,720
2019-03-30,17985,23213,711
2019-03-31,17986,23213,873
2019-03-29,17984,03966,720
2019-03-30,17985,03966,720
2019-03-31,17986,03966,650
2019-03-29,17984,14943,720
2019-03-30,17985,14943,720
2019-03-31,17986,14943,771
2019-03-29,17984,03965,720
2019-03-30,17985,03965,720
2019-03-31,17986,03965,653
2019-03-29,17984,24235,712
2019-03-30,17985,24235,712
2019-03-31,17986,24235,887
2019-03-29,17984,14771,716
2019-03-30,17985,14771,720
2019-03-31,17986,14771,718
2019-03-29,17984,23070,711
2019-03-30,17985,23070,704
2019-03-31,17986,23070,748
2019-03-29,17984,23048,720
2019-03-30,17985,23048,832
2019-03-31,17986,23048,822
2019-03-29,17984,93806,720
2019-03-30,17985,93806,719
2019-03-31,17986,93806,784
2019-03-29,17984,93045,720
2019-03-30,17985,93045,689
2019-03-31,17986,93045,841
2019-03-29,17984,04848,720
2019-03-30,17985,04848,720
2019-03-31,17986,04848,728
2019-03-29,17984,94741,720
2019-03-30,17985,94741,720
2019-03-31,17986,94741,720
2019-03-29,17984,93778,720
2019-03-30,17985,93778,716
2019-03-29,17984,94274,715
2019-03-30,17985,94274,720
2019-03-31,17986,94274,913
2019-03-29,17984,53914,720
2019-03-30,17985,53914,720
2019-03-31,17986,53914,795
2019-03-29,17984,93805,711
2019-03-30,17985,93805,720
2019-03-31,17986,93805,733
2019-03-29,17984,12888,720
2019-03-30,17985,12888,720
2019-03-31,17986,12888,643
2019-03-29,17984,03878,713
2019-03-30,17985,03878,720
2019-03-31,17986,03878,709
2019-03-29,17984,94830,718
2019-03-30,17985,94830,720
2019-03-31,17986,94830,651
2019-03-29,17984,13996,720
2019-03-30,17985,13996,720
2019-03-31,17986,13996,680
2019-03-29,17984,94053,720
2019-03-30,17985,94053,720
2019-03-31,17986,94053,749
2019-03-29,17984,12842,720
2019-03-30,17985,12842,720
2019-03-31,17986,12842,659
2019-03-29,17984,23153,720
2019-03-30,17985,23153,709
2019-03-31,17986,23153,804
2019-03-29,17984,94978,720
2019-03-30,17985,94978,720
2019-03-31,17986,94978,722
2019-03-29,17984,13877,720
2019-03-30,17985,13877,720
2019-03-31,17986,13877,664
2019-03-29,17984,53911,720
2019-03-30,17985,53911,720
2019-03-31,17986,53911,722
2019-03-29,17984,03104,720
2019-03-29,17984,24242,720
2019-03-30,17985,24242,715
2019-03-31,17986,24242,781
2019-03-29,17984,14792,720
2019-03-30,17985,14792,720
2019-03-31,17986,14792,673
2019-03-29,17984,13968,720
2019-03-30,17985,13968,720
2019-03-31,17986,13968,735
2019-03-29,17984,93862,720
2019-03-30,17985,93862,720
2019-03-31,17986,93862,677
2019-03-29,17984,23160,715
2019-03-30,17985,23160,690
2019-03-31,17986,23160,772
2019-03-29,17984,14850,720
2019-03-30,17985,14850,720
2019-03-31,17986,14850,628
2019-03-29,17984,93230,720
2019-03-30,17985,93230,711
2019-03-31,17986,93230,865
2019-03-29,17984,03996,712
2019-03-30,17985,03996,715
2019-03-31,17986,03996,747
2019-03-29,17984,94178,720
2019-03-30,17985,94178,707
2019-03-31,17986,94178,809
2019-03-29,17984,13977,720
2019-03-30,17985,13977,720
2019-03-31,17986,13977,727
2019-03-29,17984,13972,720
2019-03-30,17985,13972,720
2019-03-31,17986,13972,749
2019-03-29,17984,13891,720
2019-03-30,17985,13891,720
2019-03-31,17986,13891,678
2019-03-29,17984,94281,716
2019-03-30,17985,94281,716
2019-03-31,17986,94281,877
2019-03-29,17984,14880,720
2019-03-30,17985,14880,715
2019-03-31,17986,14880,759
2019-03-29,17984,94240,720
2019-03-30,17985,94240,720
2019-03-31,17986,94240,864
2019-03-29,17984,93989,718
2019-03-30,17985,93989,720
2019-03-31,17986,93989,750
2019-03-29,17984,23275,716
2019-03-30,17985,23275,720
2019-03-31,17986,23275,885
2019-03-29,17984,53901,720
2019-03-30,17985,53901,720
2019-03-31,17986,53901,748
2019-03-29,17984,53903,712
2019-03-29,17984,14787,720
2019-03-30,17985,14787,720
2019-03-31,17986,14787,713
2019-03-29,17984,53871,720
2019-03-30,17985,53871,720
2019-03-31,17986,53871,715
2019-03-29,17984,93780,720
2019-03-30,17985,93780,720
2019-03-31,17986,93780,717
2019-03-29,17984,93241,715
2019-03-30,17985,93241,687
2019-03-31,17986,93241,899
2019-03-29,17984,12912,720
2019-03-30,17985,12912,720
2019-03-31,17986,12912,702
2019-03-29,17984,94030,715
2019-03-30,17985,94030,720
2019-03-31,17986,94030,794
2019-03-29,17984,53123,705
2019-03-30,17985,53123,701
2019-03-31,17986,53123,888
2019-03-29,17984,13997,720
2019-03-30,17985,13997,720
2019-03-31,17986,13997,757
2019-03-30,17985,93845,716
2019-03-31,17986,93845,661
2019-03-29,17984,23130,720
2019-03-30,17985,23130,711
2019-03-31,17986,23130,800
2019-03-29,17984,53873,720
2019-03-30,17985,53873,698
2019-03-31,17986,53873,629
2019-03-29,17984,04846,720
2019-03-30,17985,04846,720
2019-03-31,17986,04846,697
2019-03-29,17984,12843,720
2019-03-30,17985,12843,720
2019-03-31,17986,12843,643
2019-03-29,17984,54740,720
2019-03-30,17985,54740,719
2019-03-31,17986,54740,640
2019-03-29,17984,04858,720
2019-03-30,17985,04858,719
2019-03-31,17986,04858,647
2019-03-29,17984,24032,720
2019-03-30,17985,24032,720
2019-03-31,17986,24032,709
2019-03-29,17984,94298,720
2019-03-30,17985,94298,720
2019-03-31,17986,94298,827
2019-03-29,17984,93739,720
2019-03-30,17985,93739,720
2019-03-31,17986,93739,653
2019-03-29,17984,03159,720
2019-03-30,17985,03159,716
2019-03-31,17986,03159,741
2019-03-29,17984,13932,720
2019-03-30,17985,13932,720
2019-03-31,17986,13932,677
2019-03-29,17984,24128,710
2019-03-30,17985,24128,706
2019-03-31,17986,24128,823
2019-03-29,17984,24062,720
2019-03-30,17985,24062,720
2019-03-31,17986,24062,750
2019-03-29,17984,14794,720
2019-03-30,17985,14794,720
2019-03-31,17986,14794,663
2019-03-29,17984,23277,720
2019-03-30,17985,23277,720
2019-03-31,17986,23277,845
2019-03-29,17984,53922,720
2019-03-30,17985,53922,720
2019-03-31,17986,53922,710
2019-03-29,17984,24243,714
2019-03-30,17985,24243,663
2019-03-31,17986,24243,760
2019-03-29,17984,14852,720
2019-03-30,17985,14852,720
2019-03-31,17986,14852,674
2019-03-29,17984,93824,720
2019-03-30,17985,93824,715
2019-03-31,17986,93824,676
2019-03-29,17984,25331,716
2019-03-30,17985,25331,720
2019-03-31,17986,25331,913
2019-03-29,17984,26615,720
2019-03-30,17985,26615,716
2019-03-31,17986,26615,915
2019-03-29,17984,26415,716
2019-03-30,17985,26415,715
2019-03-31,17986,26415,922
2019-03-29,17984,27502,720
2019-03-30,17985,27502,546
2019-03-31,17986,27502,924
2019-03-29,17984,26533,720
2019-03-30,17985,26533,694
2019-03-31,17986,26533,927
2019-03-29,17984,26410,712
2019-03-30,17985,26410,720
2019-03-31,17986,26410,936
2019-03-29,17984,25501,720
2019-03-30,17985,25501,720
2019-03-31,17986,25501,948
2019-03-29,17984,26523,720
2019-03-30,17985,26523,720
2019-03-31,17986,26523,954
2019-03-29,17984,26411,821
2019-03-30,17985,26411,720
2019-03-31,17986,26411,956
2019-03-30,17985,26425,701
2019-03-31,17986,26425,955
2019-03-29,17984,25335,720
2019-03-30,17985,25335,810
2019-03-31,17986,25335,963
2019-03-29,17984,25323,720
2019-03-30,17985,25323,720
2019-03-31,17986,25323,966
2019-03-29,17984,25507,720
2019-03-30,17985,25507,720
2019-03-31,17986,25507,860
2019-03-29,17984,25506,720
2019-03-30,17985,25506,720
2019-03-31,17986,25506,867
2019-03-29,17984,25309,720
2019-03-30,17985,25309,720
2019-03-31,17986,25309,969
2019-03-29,17984,25503,720
2019-03-30,17985,25503,508
2019-03-31,17986,25503,977
2019-03-29,17984,25325,720
2019-03-30,17985,25325,720
2019-03-31,17986,25325,892
2019-03-29,17984,26502,711
2019-03-30,17985,26502,677
2019-03-31,17986,26502,807
2019-03-29,17984,25367,720
2019-03-30,17985,25367,718
2019-03-31,17986,25367,897
2019-03-29,17984,26491,720
2019-03-30,17985,26491,720
2019-03-31,17986,26491,899
2019-03-30,17985,26510,674
2019-03-31,17986,26510,777
2019-03-29,17984,26409,720
2019-03-30,17985,26409,720
2019-03-31,17986,26409,902
2019-03-29,17984,26451,716
2019-03-30,17985,26451,720
2019-03-31,17986,26451,906
2019-03-29,17984,26435,720
2019-03-30,17985,26435,715
2019-03-31,17986,26435,908
2019-03-30,17985,25308,720
2019-03-31,17986,25308,812
2019-03-29,17984,26617,720
2019-03-30,17985,26617,720
2019-03-31,17986,26617,912
2019-03-29,17984,26412,720
2019-03-30,17985,26412,720
2019-03-31,17986,26412,914
2019-03-29,17984,26616,720
2019-03-30,17985,26616,720
2019-03-31,17986,26616,916
2019-03-30,17985,25628,720
2019-03-31,17986,25628,586
2019-03-29,17984,27515,720
2019-03-30,17985,27515,720
2019-03-31,17986,27515,926
2019-03-29,17984,27406,720
2019-03-30,17985,27406,720
2019-03-31,17986,27406,890
2019-03-29,17984,25333,720
2019-03-30,17985,25333,720
2019-03-31,17986,25333,683
2019-03-29,17984,25516,718
2019-03-30,17985,25516,720
2019-03-31,17986,25516,832
2019-03-29,17984,26529,720
2019-03-30,17985,26529,720
2019-03-31,17986,26529,937
2019-03-29,17984,26528,720
2019-03-30,17985,26528,715
2019-03-31,17986,26528,940
2019-03-29,17984,26492,720
2019-03-30,17985,26492,712
2019-03-31,17986,26492,942
2019-03-29,17984,26438,720
2019-03-30,17985,26438,720
2019-03-31,17986,26438,947
2019-03-29,17984,27503,720
2019-03-30,17985,27503,720
2019-03-31,17986,27503,842
2019-03-29,17984,11640,719
2019-03-30,17985,11640,720
2019-03-31,17986,11640,671
2019-03-29,17984,11624,720
2019-03-31,17986,11624,97
2019-03-31,17986,11630,676
